,Word,Phonemes,No Stress,Length,Morphology
34,isl,"['IH1', 'S', 'AH0', 'L']","['IH', 'S', 'AH', 'L']",4,simple
51,adv,"['AE1', 'D', 'V', 'IY0']","['AE', 'D', 'V', 'IY']",4,simple
68,exp,"['EH1', 'K', 'S', 'P']","['EH', 'K', 'S', 'P']",4,simple
70,alw,"['AE1', 'L', 'W', 'AA0']","['AE', 'L', 'W', 'AA']",4,simple
114,equ,"['IY1', 'K', 'W', 'AH1']","['IY', 'K', 'W', 'AH']",4,simple
136,exa,"['EH1', 'K', 'S', 'AH0']","['EH', 'K', 'S', 'AH']",4,simple
163,mex,"['M', 'EH1', 'K', 'S']","['M', 'EH', 'K', 'S']",4,simple
164,unl,"['AH1', 'N', 'AH0', 'L']","['AH', 'N', 'AH', 'L']",4,simple
174,ext,"['EH1', 'K', 'S', 'T']","['EH', 'K', 'S', 'T']",4,simple
263,edu,"['EH1', 'D', 'Y', 'UW0']","['EH', 'D', 'Y', 'UW']",4,simple
288,unu,"['Y', 'UW1', 'N', 'UW0']","['Y', 'UW', 'N', 'UW']",4,simple
304,usu,"['Y', 'UW1', 'S', 'UW0']","['Y', 'UW', 'S', 'UW']",4,simple
362,squ,"['S', 'K', 'W', 'UW1']","['S', 'K', 'W', 'UW']",4,simple
370,afl,"['AE1', 'F', 'AH0', 'L']","['AE', 'F', 'AH', 'L']",4,simple
376,exi,"['EH1', 'K', 'S', 'IY0']","['EH', 'K', 'S', 'IY']",4,simple
378,onw,"['AA1', 'N', 'W', 'UW0']","['AA', 'N', 'W', 'UW']",4,simple
397,mcl,"['M', 'AH0', 'K', 'L']","['M', 'AH', 'K', 'L']",4,simple
399,mcc,"['M', 'IY1', 'K', 'S']","['M', 'IY', 'K', 'S']",4,simple
438,anx,"['AE1', 'NG', 'K', 'S']","['AE', 'NG', 'K', 'S']",4,simple
460,oxy,"['AA1', 'K', 'S', 'IY0']","['AA', 'K', 'S', 'IY']",4,simple
489,edw,"['EH1', 'D', 'W', 'AA0']","['EH', 'D', 'W', 'AA']",4,simple
532,uti,"['Y', 'UW1', 'T', 'IY0']","['Y', 'UW', 'T', 'IY']",4,simple
564,ign,"['IH1', 'G', 'AH0', 'N']","['IH', 'G', 'AH', 'N']",4,simple
588,scl,"['S', 'K', 'EH1', 'L']","['S', 'K', 'EH', 'L']",4,simple
597,inl,"['IH1', 'N', 'AH0', 'L']","['IH', 'N', 'AH', 'L']",4,simple
603,cami,"['K', 'AA1', 'M', 'IY0']","['K', 'AA', 'M', 'IY']",4,simple
608,trav,"['T', 'R', 'AA1', 'V']","['T', 'R', 'AA', 'V']",4,simple
614,cruss,"['K', 'R', 'AH1', 'S']","['K', 'R', 'AH', 'S']",4,simple
615,alti,"['AA1', 'L', 'T', 'IY0']","['AA', 'L', 'T', 'IY']",4,simple
616,grem,"['G', 'R', 'EH1', 'M']","['G', 'R', 'EH', 'M']",4,simple
621,init,"['IH1', 'N', 'IH0', 'T']","['IH', 'N', 'IH', 'T']",4,simple
623,anot,"['AH0', 'N', 'OW1', 'T']","['AH', 'N', 'OW', 'T']",4,simple
625,empi,"['EH1', 'M', 'P', 'IY0']","['EH', 'M', 'P', 'IY']",4,simple
627,pres,"['P', 'R', 'EH1', 'Z']","['P', 'R', 'EH', 'Z']",4,simple
628,desu,"['D', 'EH1', 'S', 'UW0']","['D', 'EH', 'S', 'UW']",4,simple
631,parl,"['P', 'AA1', 'R', 'L']","['P', 'AA', 'R', 'L']",4,simple
632,ront,"['R', 'AA1', 'N', 'T']","['R', 'AA', 'N', 'T']",4,simple
634,unsi,"['AH1', 'N', 'S', 'IY0']","['AH', 'N', 'S', 'IY']",4,simple
636,toma,"['T', 'OW1', 'M', 'AH0']","['T', 'OW', 'M', 'AH']",4,simple
638,volo,"['V', 'AA1', 'L', 'OW0']","['V', 'AA', 'L', 'OW']",4,simple
639,libr,"['L', 'AY1', 'B', 'ER0']","['L', 'AY', 'B', 'ER']",4,simple
644,valo,"['V', 'AA1', 'L', 'OW0']","['V', 'AA', 'L', 'OW']",4,simple
646,somp,"['S', 'AA1', 'M', 'P']","['S', 'AA', 'M', 'P']",4,simple
649,mons,"['M', 'AA1', 'N', 'Z']","['M', 'AA', 'N', 'Z']",4,simple
650,vist,"['V', 'IH1', 'S', 'T']","['V', 'IH', 'S', 'T']",4,simple
651,maca,"['M', 'AE1', 'K', 'AH0']","['M', 'AE', 'K', 'AH']",4,simple
653,trid,"['T', 'R', 'IH1', 'D']","['T', 'R', 'IH', 'D']",4,simple
654,pard,"['P', 'AA1', 'R', 'D']","['P', 'AA', 'R', 'D']",4,simple
656,resp,"['R', 'EH1', 'S', 'P']","['R', 'EH', 'S', 'P']",4,simple
659,defoo,"['D', 'EH1', 'F', 'UW0']","['D', 'EH', 'F', 'UW']",4,simple
661,boto,"['B', 'OW1', 'T', 'OW0']","['B', 'OW', 'T', 'OW']",4,simple
662,avap,"['AH0', 'V', 'AE1', 'P']","['AH', 'V', 'AE', 'P']",4,simple
666,legu,"['L', 'EH1', 'G', 'UW0']","['L', 'EH', 'G', 'UW']",4,simple
667,stru,"['S', 'T', 'R', 'UW1']","['S', 'T', 'R', 'UW']",4,simple
668,opty,"['AA1', 'P', 'T', 'IY0']","['AA', 'P', 'T', 'IY']",4,simple
669,expe,"['EH1', 'K', 'S', 'P']","['EH', 'K', 'S', 'P']",4,simple
671,inte,"['IH1', 'N', 'T', 'IY0']","['IH', 'N', 'T', 'IY']",4,simple
673,sepa,"['S', 'IY1', 'P', 'AH0']","['S', 'IY', 'P', 'AH']",4,simple
675,fini,"['F', 'IY1', 'N', 'IY0']","['F', 'IY', 'N', 'IY']",4,simple
676,lons,"['L', 'AA1', 'N', 'Z']","['L', 'AA', 'N', 'Z']",4,simple
677,legi,"['L', 'EH1', 'JH', 'IY0']","['L', 'EH', 'JH', 'IY']",4,simple
678,cres,"['K', 'R', 'EH1', 'S']","['K', 'R', 'EH', 'S']",4,simple
684,afri,"['AE1', 'F', 'R', 'IY0']","['AE', 'F', 'R', 'IY']",4,simple
685,seve,"['S', 'EH1', 'V', 'EY0']","['S', 'EH', 'V', 'EY']",4,simple
687,admi,"['AE1', 'D', 'M', 'IY0']","['AE', 'D', 'M', 'IY']",4,simple
690,cont,"['K', 'AA1', 'N', 'T']","['K', 'AA', 'N', 'T']",4,simple
694,flas,"['F', 'L', 'AE1', 'S']","['F', 'L', 'AE', 'S']",4,simple
695,eurn,"['Y', 'UW1', 'R', 'N']","['Y', 'UW', 'R', 'N']",4,simple
696,wisa,"['W', 'IY1', 'Z', 'AH0']","['W', 'IY', 'Z', 'AH']",4,simple
699,prof,"['P', 'R', 'AO1', 'F']","['P', 'R', 'AO', 'F']",4,simple
701,dica,"['D', 'IY1', 'K', 'AH0']","['D', 'IY', 'K', 'AH']",4,simple
702,prov,"['P', 'R', 'AA1', 'V']","['P', 'R', 'AA', 'V']",4,simple
705,acti,"['AE1', 'K', 'T', 'IY0']","['AE', 'K', 'T', 'IY']",4,simple
708,elin,"['EH1', 'L', 'IH0', 'N']","['EH', 'L', 'IH', 'N']",4,simple
709,kili,"['K', 'IH1', 'L', 'IY0']","['K', 'IH', 'L', 'IY']",4,simple
711,devi,"['D', 'EH1', 'V', 'IY0']","['D', 'EH', 'V', 'IY']",4,simple
714,opec,"['OW1', 'P', 'EH2', 'K']","['OW', 'P', 'EH', 'K']",4,simple
715,oreq,"['AO0', 'R', 'IY1', 'K']","['AO', 'R', 'IY', 'K']",4,simple
716,seni,"['S', 'IY1', 'N', 'IY0']","['S', 'IY', 'N', 'IY']",4,simple
720,behi,"['B', 'IY1', 'HH', 'IY0']","['B', 'IY', 'HH', 'IY']",4,simple
721,resu,"['R', 'EH1', 'S', 'UW0']","['R', 'EH', 'S', 'UW']",4,simple
722,drui,"['D', 'R', 'UW1', 'IY0']","['D', 'R', 'UW', 'IY']",4,simple
723,seci,"['S', 'EH1', 'S', 'IY0']","['S', 'EH', 'S', 'IY']",4,simple
724,cabi,"['K', 'AE1', 'B', 'IY0']","['K', 'AE', 'B', 'IY']",4,simple
725,ando,"['AE1', 'N', 'D', 'OW0']","['AE', 'N', 'D', 'OW']",4,simple
729,impr,"['IH0', 'M', 'P', 'R']","['IH', 'M', 'P', 'R']",4,simple
731,opir,"['OW0', 'P', 'EH1', 'R']","['OW', 'P', 'EH', 'R']",4,simple
733,inst,"['IH1', 'N', 'T', 'S']","['IH', 'N', 'T', 'S']",4,simple
736,frel,"['F', 'R', 'EH1', 'L']","['F', 'R', 'EH', 'L']",4,simple
738,conv,"['K', 'AA1', 'N', 'V']","['K', 'AA', 'N', 'V']",4,simple
741,dund,"['D', 'AH1', 'N', 'D']","['D', 'AH', 'N', 'D']",4,simple
742,redu,"['R', 'EH1', 'D', 'UW0']","['R', 'EH', 'D', 'UW']",4,simple
744,seco,"['S', 'EH1', 'K', 'OW0']","['S', 'EH', 'K', 'OW']",4,simple
748,stut,"['S', 'T', 'AH1', 'T']","['S', 'T', 'AH', 'T']",4,simple
750,tran,"['T', 'R', 'AE1', 'N']","['T', 'R', 'AE', 'N']",4,simple
751,temo,"['T', 'EH1', 'M', 'OW0']","['T', 'EH', 'M', 'OW']",4,simple
752,alop,"['AE1', 'L', 'AH0', 'P']","['AE', 'L', 'AH', 'P']",4,simple
756,clore,"['K', 'L', 'AO1', 'R']","['K', 'L', 'AO', 'R']",4,simple
760,cons,"['K', 'AA1', 'N', 'Z']","['K', 'AA', 'N', 'Z']",4,simple
761,stre,"['S', 'T', 'R', 'IY1']","['S', 'T', 'R', 'IY']",4,simple
763,reli,"['R', 'EH1', 'L', 'IY0']","['R', 'EH', 'L', 'IY']",4,simple
766,subj,"['S', 'AH1', 'B', 'JH']","['S', 'AH', 'B', 'JH']",4,simple
768,terv,"['T', 'EH1', 'R', 'V']","['T', 'EH', 'R', 'V']",4,simple
770,fami,"['F', 'AA1', 'M', 'IY0']","['F', 'AA', 'M', 'IY']",4,simple
772,plac,"['P', 'AE1', 'L', 'K']","['P', 'AE', 'L', 'K']",4,simple
773,popi,"['P', 'OW1', 'P', 'IY0']","['P', 'OW', 'P', 'IY']",4,simple
774,cini,"['CH', 'IY1', 'N', 'IY0']","['CH', 'IY', 'N', 'IY']",4,simple
777,gres,"['G', 'R', 'EH1', 'S']","['G', 'R', 'EH', 'S']",4,simple
779,blos,"['B', 'L', 'AA1', 'S']","['B', 'L', 'AA', 'S']",4,simple
780,amot,"['AH0', 'M', 'AA1', 'T']","['AH', 'M', 'AA', 'T']",4,simple
785,fabi,"['F', 'AA1', 'B', 'IY0']","['F', 'AA', 'B', 'IY']",4,simple
786,enit,"['EH1', 'N', 'IH0', 'T']","['EH', 'N', 'IH', 'T']",4,simple
793,soci,"['S', 'OW1', 'S', 'IY0']","['S', 'OW', 'S', 'IY']",4,simple
794,togi,"['T', 'OW1', 'JH', 'IY0']","['T', 'OW', 'JH', 'IY']",4,simple
797,vicr,"['V', 'IY1', 'K', 'ER0']","['V', 'IY', 'K', 'ER']",4,simple
798,febr,"['F', 'EH1', 'B', 'ER0']","['F', 'EH', 'B', 'ER']",4,simple
799,abso,"['AE1', 'B', 'S', 'OW0']","['AE', 'B', 'S', 'OW']",4,simple
801,oblo,"['OW1', 'B', 'L', 'OW0']","['OW', 'B', 'L', 'OW']",4,simple
802,reco,"['R', 'IY1', 'K', 'OW0']","['R', 'IY', 'K', 'OW']",4,simple
809,seru,"['S', 'EH1', 'R', 'UW0']","['S', 'EH', 'R', 'UW']",4,simple
811,pren,"['P', 'R', 'EH1', 'N']","['P', 'R', 'EH', 'N']",4,simple
816,govi,"['G', 'OW1', 'V', 'IY0']","['G', 'OW', 'V', 'IY']",4,simple
821,trab,"['T', 'R', 'AE1', 'B']","['T', 'R', 'AE', 'B']",4,simple
822,wina,"['W', 'IY1', 'N', 'AH0']","['W', 'IY', 'N', 'AH']",4,simple
824,endr,"['EH1', 'N', 'D', 'ER0']","['EH', 'N', 'D', 'ER']",4,simple
825,edio,"['IY1', 'D', 'IY0', 'OW0']","['IY', 'D', 'IY', 'OW']",4,simple
826,dutp,"['D', 'AH1', 'P', 'T']","['D', 'AH', 'P', 'T']",4,simple
827,plav,"['P', 'L', 'AA1', 'V']","['P', 'L', 'AA', 'V']",4,simple
835,moni,"['M', 'OW1', 'N', 'IY0']","['M', 'OW', 'N', 'IY']",4,simple
836,fint,"['F', 'IH1', 'N', 'T']","['F', 'IH', 'N', 'T']",4,simple
837,frit,"['F', 'R', 'IH1', 'T']","['F', 'R', 'IH', 'T']",4,simple
840,busb,"['B', 'AH1', 'S', 'B']","['B', 'AH', 'S', 'B']",4,simple
843,palk,"['P', 'AO1', 'L', 'K']","['P', 'AO', 'L', 'K']",4,simple
844,havi,"['HH', 'AE1', 'V', 'IY0']","['HH', 'AE', 'V', 'IY']",4,simple
850,admo,"['AE1', 'D', 'M', 'OW0']","['AE', 'D', 'M', 'OW']",4,simple
851,paci,"['P', 'AA1', 'CH', 'IY0']","['P', 'AA', 'CH', 'IY']",4,simple
854,hugu,"['HH', 'UW1', 'G', 'UW0']","['HH', 'UW', 'G', 'UW']",4,simple
856,prig,"['P', 'R', 'IH1', 'G']","['P', 'R', 'IH', 'G']",4,simple
857,defo,"['D', 'EH1', 'F', 'OW0']","['D', 'EH', 'F', 'OW']",4,simple
858,forn,"['F', 'AO1', 'R', 'N']","['F', 'AO', 'R', 'N']",4,simple
863,gami,"['G', 'AA1', 'M', 'IY0']","['G', 'AA', 'M', 'IY']",4,simple
866,snal,"['S', 'N', 'AE1', 'L']","['S', 'N', 'AE', 'L']",4,simple
867,clac,"['K', 'L', 'AE1', 'K']","['K', 'L', 'AE', 'K']",4,simple
868,conc,"['K', 'AA1', 'NG', 'K']","['K', 'AA', 'NG', 'K']",4,simple
869,sece,"['S', 'EH1', 'S', 'IY0']","['S', 'EH', 'S', 'IY']",4,simple
870,mont,"['M', 'AA1', 'N', 'T']","['M', 'AA', 'N', 'T']",4,simple
871,resi,"['R', 'EH1', 'Z', 'IY0']","['R', 'EH', 'Z', 'IY']",4,simple
872,onli,"['AA1', 'N', 'L', 'IY0']","['AA', 'N', 'L', 'IY']",4,simple
874,frap,"['F', 'R', 'AE1', 'P']","['F', 'R', 'AE', 'P']",4,simple
876,somf,"['S', 'AH1', 'M', 'F']","['S', 'AH', 'M', 'F']",4,simple
878,exte,"['EH1', 'K', 'S', 'T']","['EH', 'K', 'S', 'T']",4,simple
879,paro,"['P', 'AA1', 'R', 'OW0']","['P', 'AA', 'R', 'OW']",4,simple
880,livi,"['L', 'IY1', 'V', 'IY0']","['L', 'IY', 'V', 'IY']",4,simple
881,alre,"['AE1', 'L', 'R', 'AH0']","['AE', 'L', 'R', 'AH']",4,simple
883,ritu,"['R', 'IH1', 'T', 'UW2']","['R', 'IH', 'T', 'UW']",4,simple
887,dest,"['D', 'EH1', 'S', 'T']","['D', 'EH', 'S', 'T']",4,simple
892,heli,"['HH', 'EH1', 'L', 'IY0']","['HH', 'EH', 'L', 'IY']",4,simple
893,rund,"['R', 'AH1', 'N', 'D']","['R', 'AH', 'N', 'D']",4,simple
894,aval,"['EY1', 'V', 'AH0', 'L']","['EY', 'V', 'AH', 'L']",4,simple
895,muln,"['M', 'AH1', 'L', 'N']","['M', 'AH', 'L', 'N']",4,simple
896,ente,"['EH1', 'N', 'T', 'EY0']","['EH', 'N', 'T', 'EY']",4,simple
898,unall,"['AH0', 'N', 'AE1', 'L']","['AH', 'N', 'AE', 'L']",4,simple
900,stro,"['S', 'T', 'R', 'OW1']","['S', 'T', 'R', 'OW']",4,simple
901,domo,"['D', 'OW1', 'M', 'OW0']","['D', 'OW', 'M', 'OW']",4,simple
903,anyo,"['EH1', 'N', 'Y', 'OW0']","['EH', 'N', 'Y', 'OW']",4,simple
908,adeo,"['EY1', 'D', 'IY0', 'OW0']","['EY', 'D', 'IY', 'OW']",4,simple
912,frim,"['F', 'R', 'IH1', 'M']","['F', 'R', 'IH', 'M']",4,simple
914,oppl,"['AA1', 'P', 'AH0', 'L']","['AA', 'P', 'AH', 'L']",4,simple
915,calu,"['K', 'AE1', 'L', 'UW0']","['K', 'AE', 'L', 'UW']",4,simple
917,turi,"['T', 'UH1', 'R', 'IY0']","['T', 'UH', 'R', 'IY']",4,simple
918,numa,"['N', 'UW1', 'M', 'AH0']","['N', 'UW', 'M', 'AH']",4,simple
921,ancr,"['AE1', 'N', 'K', 'ER0']","['AE', 'N', 'K', 'ER']",4,simple
926,dria,"['D', 'R', 'AY1', 'AH0']","['D', 'R', 'AY', 'AH']",4,simple
927,silv,"['S', 'IH1', 'L', 'V']","['S', 'IH', 'L', 'V']",4,simple
931,givy,"['G', 'IY1', 'V', 'IY0']","['G', 'IY', 'V', 'IY']",4,simple
933,unem,"['AH0', 'N', 'IY1', 'M']","['AH', 'N', 'IY', 'M']",4,simple
935,ramo,"['R', 'EY1', 'M', 'OW0']","['R', 'EY', 'M', 'OW']",4,simple
937,hyst,"['HH', 'IH1', 'S', 'T']","['HH', 'IH', 'S', 'T']",4,simple
938,amag,"['AE1', 'M', 'AH0', 'G']","['AE', 'M', 'AH', 'G']",4,simple
939,prel,"['P', 'R', 'EH1', 'L']","['P', 'R', 'EH', 'L']",4,simple
940,inta,"['IH1', 'N', 'T', 'AH0']","['IH', 'N', 'T', 'AH']",4,simple
942,modu,"['M', 'OW1', 'D', 'AH0']","['M', 'OW', 'D', 'AH']",4,simple
943,janu,"['Y', 'AA1', 'N', 'UW0']","['Y', 'AA', 'N', 'UW']",4,simple
944,parg,"['P', 'AA1', 'R', 'G']","['P', 'AA', 'R', 'G']",4,simple
945,cran,"['K', 'R', 'AE1', 'N']","['K', 'R', 'AE', 'N']",4,simple
947,obsough,"['AA1', 'B', 'S', 'OW0']","['AA', 'B', 'S', 'OW']",4,simple
952,exha,"['EH1', 'K', 'S', 'AH0']","['EH', 'K', 'S', 'AH']",4,simple
953,scon,"['S', 'K', 'AA1', 'N']","['S', 'K', 'AA', 'N']",4,simple
954,anst,"['AE1', 'N', 'S', 'T']","['AE', 'N', 'S', 'T']",4,simple
956,foct,"['F', 'AA1', 'K', 'T']","['F', 'AA', 'K', 'T']",4,simple
958,clon,"['K', 'L', 'AA1', 'N']","['K', 'L', 'AA', 'N']",4,simple
960,butf,"['B', 'AH1', 'T', 'F']","['B', 'AH', 'T', 'F']",4,simple
961,foci,"['F', 'OW1', 'S', 'IY0']","['F', 'OW', 'S', 'IY']",4,simple
965,abus,"['AH0', 'B', 'UW1', 'S']","['AH', 'B', 'UW', 'S']",4,simple
966,folo,"['F', 'OW1', 'L', 'OW0']","['F', 'OW', 'L', 'OW']",4,simple
969,seca,"['S', 'IY1', 'K', 'AH0']","['S', 'IY', 'K', 'AH']",4,simple
971,inti,"['IH1', 'N', 'T', 'IY0']","['IH', 'N', 'T', 'IY']",4,simple
972,tesp,"['T', 'EH1', 'S', 'P']","['T', 'EH', 'S', 'P']",4,simple
974,joha,"['JH', 'OW1', 'HH', 'AH0']","['JH', 'OW', 'HH', 'AH']",4,simple
975,prot,"['P', 'R', 'AA1', 'T']","['P', 'R', 'AA', 'T']",4,simple
977,hist,"['HH', 'IH1', 'S', 'T']","['HH', 'IH', 'S', 'T']",4,simple
978,depr,"['D', 'EH1', 'P', 'ER0']","['D', 'EH', 'P', 'ER']",4,simple
979,sust,"['S', 'AH1', 'S', 'T']","['S', 'AH', 'S', 'T']",4,simple
980,bruc,"['B', 'R', 'AH1', 'K']","['B', 'R', 'AH', 'K']",4,simple
981,alea,"['AH0', 'L', 'IY1', 'AH0']","['AH', 'L', 'IY', 'AH']",4,simple
988,wara,"['W', 'EH1', 'R', 'AH0']","['W', 'EH', 'R', 'AH']",4,simple
990,insi,"['IH1', 'N', 'S', 'IY0']","['IH', 'N', 'S', 'IY']",4,simple
991,gian,"['JH', 'IY1', 'AA0', 'N']","['JH', 'IY', 'AA', 'N']",4,simple
1003,agai,"['AH0', 'G', 'AA1', 'IY0']","['AH', 'G', 'AA', 'IY']",4,simple
1007,porl,"['P', 'AO1', 'R', 'L']","['P', 'AO', 'R', 'L']",4,simple
1011,plar,"['P', 'L', 'AA1', 'R']","['P', 'L', 'AA', 'R']",4,simple
1012,arov,"['EH1', 'R', 'AH0', 'V']","['EH', 'R', 'AH', 'V']",4,simple
1014,covi,"['K', 'OW1', 'V', 'IY0']","['K', 'OW', 'V', 'IY']",4,simple
1015,orgu,"['AO1', 'R', 'G', 'AH0']","['AO', 'R', 'G', 'AH']",4,simple
1016,cond,"['K', 'AA1', 'N', 'D']","['K', 'AA', 'N', 'D']",4,simple
1017,anym,"['AE1', 'N', 'IH0', 'M']","['AE', 'N', 'IH', 'M']",4,simple
1021,wisd,"['W', 'IH1', 'S', 'T']","['W', 'IH', 'S', 'T']",4,simple
1023,horm,"['HH', 'AO1', 'R', 'M']","['HH', 'AO', 'R', 'M']",4,simple
1024,runc,"['R', 'AH1', 'N', 'K']","['R', 'AH', 'N', 'K']",4,simple
1030,regr,"['R', 'EH1', 'G', 'ER0']","['R', 'EH', 'G', 'ER']",4,simple
1031,befo,"['B', 'EH1', 'F', 'OW0']","['B', 'EH', 'F', 'OW']",4,simple
1033,unli,"['AH1', 'N', 'L', 'IY0']","['AH', 'N', 'L', 'IY']",4,simple
1034,napi,"['N', 'AE1', 'P', 'IY0']","['N', 'AE', 'P', 'IY']",4,simple
1035,wino,"['W', 'IY1', 'N', 'OW0']","['W', 'IY', 'N', 'OW']",4,simple
1036,sepu,"['S', 'EH1', 'P', 'UW0']","['S', 'EH', 'P', 'UW']",4,simple
1039,deta,"['D', 'EH1', 'T', 'AH0']","['D', 'EH', 'T', 'AH']",4,simple
1041,sini,"['S', 'IY1', 'N', 'IY0']","['S', 'IY', 'N', 'IY']",4,simple
1042,vehi,"['V', 'EH1', 'HH', 'IY0']","['V', 'EH', 'HH', 'IY']",4,simple
1043,spis,"['S', 'P', 'IH1', 'S']","['S', 'P', 'IH', 'S']",4,simple
1044,begi,"['B', 'IY1', 'JH', 'IY0']","['B', 'IY', 'JH', 'IY']",4,simple
1046,dist,"['D', 'IH1', 'S', 'T']","['D', 'IH', 'S', 'T']",4,simple
1047,ansu,"['AE1', 'N', 'S', 'UW0']","['AE', 'N', 'S', 'UW']",4,simple
1049,taci,"['T', 'AA1', 'CH', 'IY0']","['T', 'AA', 'CH', 'IY']",4,simple
1050,befe,"['B', 'IH0', 'F', 'EY1']","['B', 'IH', 'F', 'EY']",4,simple
1051,recr,"['R', 'EH1', 'K', 'ER0']","['R', 'EH', 'K', 'ER']",4,simple
1052,intr,"['IH1', 'N', 'T', 'ER0']","['IH', 'N', 'T', 'ER']",4,simple
1053,paki,"['P', 'AA1', 'K', 'IY0']","['P', 'AA', 'K', 'IY']",4,simple
1056,prev,"['P', 'R', 'EH1', 'V']","['P', 'R', 'EH', 'V']",4,simple
1059,buri,"['B', 'UH1', 'R', 'IY0']","['B', 'UH', 'R', 'IY']",4,simple
1062,weli,"['W', 'EH1', 'L', 'IY0']","['W', 'EH', 'L', 'IY']",4,simple
1064,unfe,"['AH0', 'N', 'F', 'EY1']","['AH', 'N', 'F', 'EY']",4,simple
1066,busi,"['B', 'UW1', 'S', 'IY0']","['B', 'UW', 'S', 'IY']",4,simple
1068,folu,"['F', 'OW1', 'L', 'AH0']","['F', 'OW', 'L', 'AH']",4,simple
1071,tont,"['T', 'AA1', 'N', 'T']","['T', 'AA', 'N', 'T']",4,simple
1072,stim,"['S', 'T', 'IH1', 'M']","['S', 'T', 'IH', 'M']",4,simple
1073,clec,"['K', 'L', 'EH1', 'K']","['K', 'L', 'EH', 'K']",4,simple
1077,tryi,"['T', 'R', 'AY1', 'IY0']","['T', 'R', 'AY', 'IY']",4,simple
1079,imaz,"['IH1', 'M', 'AH0', 'Z']","['IH', 'M', 'AH', 'Z']",4,simple
1080,swit,"['S', 'W', 'IH1', 'T']","['S', 'W', 'IH', 'T']",4,simple
1081,hant,"['HH', 'AE1', 'N', 'T']","['HH', 'AE', 'N', 'T']",4,simple
1082,agen,"['EY1', 'JH', 'AH0', 'N']","['EY', 'JH', 'AH', 'N']",4,simple
1085,devo,"['D', 'EH1', 'V', 'OW0']","['D', 'EH', 'V', 'OW']",4,simple
1087,joro,"['JH', 'AO1', 'R', 'OW0']","['JH', 'AO', 'R', 'OW']",4,simple
1088,beco,"['B', 'IY1', 'K', 'OW0']","['B', 'IY', 'K', 'OW']",4,simple
1089,favy,"['F', 'EY1', 'V', 'IY0']","['F', 'AA', 'V', 'IY']",4,simple
1095,reci,"['R', 'EH1', 'S', 'IY0']","['R', 'EH', 'S', 'IY']",4,simple
1100,limi,"['L', 'IY1', 'M', 'IY0']","['L', 'IY', 'M', 'IY']",4,simple
1101,fign,"['F', 'IH1', 'G', 'N']","['F', 'IH', 'G', 'N']",4,simple
1109,exch,"['EH1', 'K', 'S', 'K']","['EH', 'K', 'S', 'K']",4,simple
1115,proc,"['P', 'R', 'AA1', 'K']","['P', 'R', 'AA', 'K']",4,simple
1116,inveau,"['IH1', 'N', 'V', 'OW0']","['IH', 'N', 'V', 'OW']",4,simple
1117,turo,"['T', 'UH1', 'R', 'OW0']","['T', 'UH', 'R', 'OW']",4,simple
1118,tela,"['T', 'EH1', 'L', 'AH0']","['T', 'EH', 'L', 'AH']",4,simple
1119,octo,"['AA1', 'K', 'T', 'OW0']","['AA', 'K', 'T', 'OW']",4,simple
1121,accu,"['AE1', 'K', 'Y', 'UW0']","['AE', 'K', 'Y', 'UW']",4,simple
1123,smok,"['S', 'M', 'AA1', 'K']","['S', 'M', 'AA', 'K']",4,simple
1125,corm,"['K', 'AO1', 'R', 'M']","['K', 'AO', 'R', 'M']",4,simple
1126,weso,"['W', 'EH1', 'S', 'OW0']","['W', 'EH', 'S', 'OW']",4,simple
1127,polu,"['P', 'OW1', 'L', 'UW0']","['P', 'OW', 'L', 'UW']",4,simple
1133,arga,"['AA1', 'R', 'G', 'AH0']","['AA', 'R', 'G', 'AH']",4,simple
1134,trog,"['T', 'R', 'AA1', 'G']","['T', 'R', 'AA', 'G']",4,simple
1137,klig,"['K', 'L', 'AY1', 'G']","['K', 'L', 'AY', 'G']",4,simple
1143,ukra,"['UW1', 'K', 'R', 'AH0']","['UW', 'K', 'R', 'AH']",4,simple
1144,anga,"['AE1', 'NG', 'G', 'AH0']","['AE', 'NG', 'G', 'AH']",4,simple
1146,brot,"['B', 'R', 'AA1', 'T']","['B', 'R', 'AA', 'T']",4,simple
1148,socu,"['S', 'OW1', 'K', 'UW0']","['S', 'OW', 'K', 'UW']",4,simple
1150,fraf,"['F', 'R', 'AE1', 'F']","['F', 'R', 'AE', 'F']",4,simple
1151,mict,"['M', 'IH1', 'K', 'T']","['M', 'IH', 'K', 'T']",4,simple
1152,actu,"['AE1', 'K', 'T', 'UW0']","['AE', 'K', 'T', 'UW']",4,simple
1157,qual,"['K', 'W', 'AA1', 'L']","['K', 'W', 'AA', 'L']",4,simple
1158,invi,"['IH1', 'N', 'V', 'IY0']","['IH', 'N', 'V', 'IY']",4,simple
1160,embu,"['EH1', 'M', 'B', 'AH0']","['EH', 'M', 'B', 'AH']",4,simple
1162,fugu,"['F', 'UW1', 'G', 'UW0']","['F', 'UW', 'G', 'UW']",4,simple
1164,hisp,"['HH', 'IH1', 'S', 'P']","['HH', 'IH', 'S', 'P']",4,simple
1166,slon,"['S', 'L', 'AA1', 'N']","['S', 'L', 'AA', 'N']",4,simple
1167,inju,"['IH1', 'N', 'JH', 'UW0']","['IH', 'N', 'JH', 'UW']",4,simple
1169,goti,"['G', 'OW1', 'T', 'IY0']","['G', 'OW', 'T', 'IY']",4,simple
1170,advi,"['AE1', 'D', 'V', 'IY0']","['AE', 'D', 'V', 'IY']",4,simple
1172,arop,"['EH1', 'R', 'AH0', 'P']","['EH', 'R', 'AH', 'P']",4,simple
1173,dric,"['D', 'R', 'IH1', 'K']","['D', 'R', 'IH', 'K']",4,simple
1174,equa,"['IY1', 'K', 'W', 'AH0']","['IY', 'K', 'W', 'AH']",4,simple
1176,imat,"['IH1', 'M', 'AH0', 'T']","['IH', 'M', 'AH', 'T']",4,simple
1178,teca,"['T', 'EH1', 'K', 'AH0']","['T', 'EH', 'K', 'AH']",4,simple
1180,dont,"['D', 'AA1', 'N', 'T']","['D', 'AA', 'N', 'T']",4,simple
1183,impo,"['IH1', 'M', 'P', 'OW0']","['IH', 'M', 'P', 'OW']",4,simple
1185,frag,"['F', 'R', 'AE1', 'G']","['F', 'R', 'AE', 'G']",4,simple
1186,harc,"['HH', 'AA1', 'R', 'K']","['HH', 'AA', 'R', 'K']",4,simple
1187,dami,"['D', 'AA1', 'M', 'IY0']","['D', 'AA', 'M', 'IY']",4,simple
1188,curi,"['K', 'UH1', 'R', 'IY0']","['K', 'UH', 'R', 'IY']",4,simple
1189,pult,"['P', 'UH1', 'L', 'T']","['P', 'UH', 'L', 'T']",4,simple
1191,dilm,"['D', 'IH1', 'L', 'M']","['D', 'IH', 'L', 'M']",4,simple
1192,desp,"['D', 'EH1', 'S', 'P']","['D', 'EH', 'S', 'P']",4,simple
1193,spli,"['S', 'P', 'L', 'AY1']","['S', 'P', 'L', 'AY']",4,simple
1195,befi,"['B', 'EH1', 'F', 'IY0']","['B', 'EH', 'F', 'IY']",4,simple
1197,susi,"['S', 'UW1', 'S', 'IY0']","['S', 'UW', 'S', 'IY']",4,simple
1199,yele,"['Y', 'EH1', 'L', 'IY0']","['Y', 'EH', 'L', 'IY']",4,simple
1200,yeso,"['Y', 'IY1', 'S', 'OW0']","['Y', 'IY', 'S', 'OW']",4,simple
1201,plec,"['P', 'L', 'EH1', 'K']","['P', 'L', 'EH', 'K']",4,simple
1202,wart,"['W', 'AO1', 'R', 'T']","['W', 'AO', 'R', 'T']",4,simple
1203,poli,"['P', 'OW1', 'L', 'IY0']","['P', 'OW', 'L', 'IY']",4,simple
1204,demp,"['D', 'EH1', 'M', 'P']","['D', 'EH', 'M', 'P']",4,simple
1207,capa,"['K', 'EY1', 'P', 'AH0']","['K', 'EY', 'P', 'AH']",4,simple
1208,reat,"['R', 'EY1', 'AH0', 'T']","['R', 'EY', 'AH', 'T']",4,simple
1211,folc,"['F', 'OW1', 'L', 'K']","['F', 'OW', 'L', 'K']",4,simple
1212,drac,"['D', 'R', 'AE1', 'K']","['D', 'R', 'AE', 'K']",4,simple
1214,vart,"['V', 'AA1', 'R', 'T']","['V', 'AA', 'R', 'T']",4,simple
1217,proj,"['P', 'R', 'OW1', 'JH']","['P', 'R', 'OW', 'JH']",4,simple
1219,isai,"['IH0', 'S', 'AA1', 'IY0']","['IH', 'S', 'AA', 'IY']",4,simple
1220,orga,"['AO1', 'R', 'G', 'AH0']","['AO', 'R', 'G', 'AH']",4,simple
1223,sinu,"['S', 'AY1', 'N', 'UW0']","['S', 'AY', 'N', 'UW']",4,simple
1229,inco,"['IH2', 'N', 'K', 'OW1']","['IH', 'N', 'K', 'OW']",4,simple
1230,becu,"['B', 'EH1', 'K', 'UW0']","['B', 'EH', 'K', 'UW']",4,simple
1231,stal,"['S', 'T', 'AE1', 'L']","['S', 'T', 'AE', 'L']",4,simple
1232,manc,"['M', 'AE1', 'N', 'K']","['M', 'AE', 'N', 'K']",4,simple
1235,cono,"['K', 'OW1', 'N', 'OW0']","['K', 'OW', 'N', 'OW']",4,simple
1238,liki,"['L', 'AY1', 'K', 'IY0']","['L', 'AY', 'K', 'IY']",4,simple
1245,vanu,"['V', 'AA1', 'N', 'UW0']","['V', 'AA', 'N', 'UW']",4,simple
1246,vant,"['V', 'AE1', 'N', 'T']","['V', 'AE', 'N', 'T']",4,simple
1248,scri,"['S', 'K', 'R', 'IY1']","['S', 'K', 'R', 'IY']",4,simple
1256,kend,"['K', 'EH1', 'N', 'D']","['K', 'EH', 'N', 'D']",4,simple
1259,epin,"['EH1', 'P', 'IH0', 'N']","['EH', 'P', 'IH', 'N']",4,simple
1264,advo,"['AE1', 'D', 'V', 'OW0']","['AE', 'D', 'V', 'OW']",4,simple
1265,depu,"['D', 'EH1', 'P', 'UW0']","['D', 'EH', 'P', 'UW']",4,simple
1266,fand,"['F', 'AE1', 'N', 'D']","['F', 'AE', 'N', 'D']",4,simple
1267,atmo,"['AE1', 'T', 'M', 'OW0']","['AE', 'T', 'M', 'OW']",4,simple
1269,mobo,"['M', 'OW1', 'B', 'OW0']","['M', 'OW', 'B', 'OW']",4,simple
1271,elea,"['EH1', 'L', 'IY0', 'AH0']","['EH', 'L', 'IY', 'AH']",4,simple
1273,cadi,"['K', 'AA1', 'D', 'IY0']","['K', 'AA', 'D', 'IY']",4,simple
1274,rivo,"['R', 'IY1', 'V', 'OW0']","['R', 'IY', 'V', 'OW']",4,simple
1275,iden,"['AY1', 'D', 'AH0', 'N']","['AY', 'D', 'AH', 'N']",4,simple
1276,cerv,"['S', 'EH1', 'R', 'V']","['S', 'EH', 'R', 'V']",4,simple
1277,nega,"['N', 'IY1', 'G', 'AH0']","['N', 'IY', 'G', 'AH']",4,simple
1278,welu,"['W', 'EH1', 'L', 'UW0']","['W', 'EH', 'L', 'UW']",4,simple
1279,jopu,"['JH', 'OW1', 'P', 'UW2']","['JH', 'OW', 'P', 'UW']",4,simple
1281,prit,"['P', 'R', 'IH1', 'T']","['P', 'R', 'IH', 'T']",4,simple
1282,refo,"['R', 'IY1', 'F', 'OW0']","['R', 'IY', 'F', 'OW']",4,simple
1284,engu,"['EH1', 'NG', 'G', 'UW0']","['EH', 'NG', 'G', 'UW']",4,simple
1285,cemo,"['S', 'EH1', 'M', 'OW0']","['S', 'EH', 'M', 'OW']",4,simple
1286,fema,"['F', 'IY1', 'M', 'AH0']","['F', 'IY', 'M', 'AH']",4,simple
1287,fedi,"['F', 'EH1', 'D', 'IY0']","['F', 'EH', 'D', 'IY']",4,simple
1288,litu,"['L', 'IY1', 'T', 'UW0']","['L', 'IY', 'T', 'UW']",4,simple
1289,abst,"['AE1', 'B', 'S', 'T']","['AE', 'B', 'S', 'T']",4,simple
1294,dign,"['D', 'IH1', 'G', 'N']","['D', 'IH', 'G', 'N']",4,simple
1299,arom,"['EH1', 'R', 'AH0', 'M']","['EH', 'R', 'AH', 'M']",4,simple
1300,medr,"['M', 'EH1', 'D', 'ER0']","['M', 'EH', 'D', 'ER']",4,simple
1301,ruit,"['R', 'UW1', 'IH0', 'T']","['R', 'UW', 'IH', 'T']",4,simple
1306,wori,"['W', 'UH1', 'R', 'IY0']","['W', 'UH', 'R', 'IY']",4,simple
1308,alwa,"['AA1', 'L', 'W', 'AH0']","['AA', 'L', 'W', 'AH']",4,simple
1309,stra,"['S', 'T', 'R', 'AE1']","['S', 'T', 'R', 'AE']",4,simple
1310,anoc,"['AE1', 'N', 'AH0', 'K']","['AE', 'N', 'AH', 'K']",4,simple
1311,revi,"['R', 'EH1', 'V', 'IY0']","['R', 'EH', 'V', 'IY']",4,simple
1315,slev,"['S', 'L', 'EH1', 'V']","['S', 'L', 'EH', 'V']",4,simple
1316,exci,"['EH1', 'K', 'S', 'IY0']","['EH', 'K', 'S', 'IY']",4,simple
1317,comi,"['K', 'OW1', 'M', 'IY0']","['K', 'OW', 'M', 'IY']",4,simple
1320,prol,"['P', 'R', 'OW1', 'L']","['P', 'R', 'OW', 'L']",4,simple
1321,stri,"['S', 'T', 'R', 'IY1']","['S', 'T', 'R', 'IY']",4,simple
1323,crev,"['K', 'R', 'EH1', 'V']","['K', 'R', 'EH', 'V']",4,simple
1324,insu,"['IH1', 'N', 'S', 'UW0']","['IH', 'N', 'S', 'UW']",4,simple
1326,helo,"['HH', 'IY1', 'L', 'OW0']","['HH', 'IY', 'L', 'OW']",4,simple
1327,conf,"['K', 'AA1', 'N', 'F']","['K', 'AA', 'N', 'F']",4,simple
1330,aban,"['EY1', 'B', 'AH0', 'N']","['EY', 'B', 'AH', 'N']",4,simple
1331,occu,"['AA1', 'K', 'Y', 'UW0']","['AA', 'K', 'Y', 'UW']",4,simple
1332,adva,"['AE1', 'D', 'V', 'AH0']","['AE', 'D', 'V', 'AH']",4,simple
1334,tres,"['T', 'R', 'EH1', 'Z']","['T', 'R', 'EH', 'Z']",4,simple
1336,hena,"['HH', 'IY1', 'N', 'AH0']","['HH', 'IY', 'N', 'AH']",4,simple
1339,nobo,"['N', 'OW1', 'B', 'OW0']","['N', 'OW', 'B', 'OW']",4,simple
1340,pred,"['P', 'R', 'EH1', 'D']","['P', 'R', 'EH', 'D']",4,simple
1341,trys,"['T', 'R', 'IH1', 'S']","['T', 'R', 'IH', 'S']",4,simple
1346,prec,"['P', 'R', 'EH1', 'K']","['P', 'R', 'EH', 'K']",4,simple
1349,outl,"['AW1', 'T', 'AH0', 'L']","['AW', 'T', 'AH', 'L']",4,simple
1351,enec,"['EH1', 'N', 'IH0', 'K']","['EH', 'N', 'IH', 'K']",4,simple
1352,evol,"['IY1', 'V', 'OW0', 'L']","['IY', 'V', 'OW', 'L']",4,simple
1354,drod,"['D', 'R', 'AA1', 'D']","['D', 'R', 'AA', 'D']",4,simple
1356,himi,"['HH', 'IY1', 'M', 'IY0']","['HH', 'IY', 'M', 'IY']",4,simple
1357,sati,"['S', 'AA1', 'T', 'IY0']","['S', 'AA', 'T', 'IY']",4,simple
1359,yonf,"['Y', 'AH1', 'N', 'F']","['Y', 'AH', 'N', 'F']",4,simple
1360,almo,"['AA1', 'L', 'M', 'OW0']","['AA', 'L', 'M', 'OW']",4,simple
1362,brus,"['B', 'R', 'AH1', 'S']","['B', 'R', 'AH', 'S']",4,simple
1369,nobe,"['N', 'OW1', 'B', 'IY0']","['N', 'OW', 'B', 'IY']",4,simple
1373,anyt,"['EH1', 'N', 'IH0', 'T']","['EH', 'N', 'IH', 'T']",4,simple
1374,meli,"['M', 'EH1', 'L', 'IY0']","['M', 'EH', 'L', 'IY']",4,simple
1377,harn,"['HH', 'AA1', 'R', 'N']","['HH', 'AA', 'R', 'N']",4,simple
1378,brod,"['B', 'R', 'AA1', 'D']","['B', 'R', 'AA', 'D']",4,simple
1379,rela,"['R', 'IY1', 'L', 'AH0']","['R', 'IY', 'L', 'AH']",4,simple
1380,eitl,"['AY1', 'T', 'AH0', 'L']","['AY', 'T', 'AH', 'L']",4,simple
1381,rept,"['R', 'EH1', 'P', 'T']","['R', 'EH', 'P', 'T']",4,simple
1386,esca,"['EH1', 'S', 'K', 'AH0']","['EH', 'S', 'K', 'AH']",4,simple
1387,repu,"['R', 'EH1', 'P', 'UW0']","['R', 'EH', 'P', 'UW']",4,simple
1388,orim,"['AO1', 'R', 'IH0', 'M']","['AO', 'R', 'IH', 'M']",4,simple
1390,dema,"['D', 'IY1', 'M', 'AH0']","['D', 'IY', 'M', 'AH']",4,simple
1393,frig,"['F', 'R', 'IH1', 'G']","['F', 'R', 'IH', 'G']",4,simple
1394,peol,"['P', 'OW1', 'AH0', 'L']","['P', 'OW', 'AH', 'L']",4,simple
1396,anyb,"['AE1', 'N', 'IH0', 'B']","['AE', 'N', 'IH', 'B']",4,simple
1401,adve,"['AE1', 'D', 'V', 'IY0']","['AE', 'D', 'V', 'IY']",4,simple
1405,mant,"['M', 'AE1', 'N', 'T']","['M', 'AE', 'N', 'T']",4,simple
1451,nathi,"['N', 'AE1', 'TH', 'IY0']","['N', 'AE', 'TH', 'IY']",4,simple
1480,rairt,"['R', 'EH1', 'R', 'T']","['R', 'EH', 'R', 'T']",4,simple
1485,nerba,"['N', 'ER1', 'B', 'AH0']","['N', 'ER', 'B', 'AH']",4,simple
1496,culne,"['K', 'AH1', 'L', 'N']","['K', 'AH', 'L', 'N']",4,simple
1507,merso,"['M', 'ER1', 'S', 'OW0']","['M', 'ER', 'S', 'OW']",4,simple
1514,suddi,"['S', 'AH1', 'D', 'IY0']","['S', 'AH', 'D', 'IY']",4,simple
1543,acoth,"['AH0', 'K', 'AO1', 'TH']","['AH', 'K', 'AO', 'TH']",4,simple
1585,immin,"['IH1', 'M', 'IH0', 'N']","['IH', 'M', 'IH', 'N']",4,simple
1604,alrei,"['AA0', 'L', 'R', 'IY1']","['AA', 'L', 'R', 'IY']",4,simple
1614,hanie,"['HH', 'AE1', 'N', 'IY0']","['HH', 'AE', 'N', 'IY']",4,simple
1621,solla,"['S', 'AA1', 'L', 'AH0']","['S', 'AA', 'L', 'AH']",4,simple
1642,diftw,"['D', 'IH1', 'F', 'T']","['D', 'IH', 'F', 'T']",4,simple
1660,foutc,"['F', 'AW1', 'T', 'K']","['F', 'AW', 'T', 'K']",4,simple
1666,gausu,"['G', 'OW1', 'S', 'UW0']","['G', 'OW', 'S', 'UW']",4,simple
1673,puddi,"['P', 'UH1', 'D', 'IY0']","['P', 'UH', 'D', 'IY']",4,simple
1674,suppo,"['S', 'UW1', 'P', 'OW0']","['S', 'UW', 'P', 'OW']",4,simple
1704,mappo,"['M', 'AE1', 'P', 'OW0']","['M', 'AE', 'P', 'OW']",4,simple
1717,praem,"['P', 'R', 'EH1', 'M']","['P', 'R', 'EH', 'M']",4,simple
1739,incre,"['IH1', 'NG', 'K', 'ER0']","['IH', 'NG', 'K', 'ER']",4,simple
1744,effir,"['EH1', 'F', 'IH0', 'R']","['EH', 'F', 'IH', 'R']",4,simple
1754,sepha,"['S', 'EH1', 'F', 'AH0']","['S', 'EH', 'F', 'AH']",4,simple
1756,leali,"['L', 'IY1', 'L', 'IY0']","['L', 'IY', 'L', 'IY']",4,simple
1765,cruip,"['K', 'R', 'UW1', 'P']","['K', 'R', 'UW', 'P']",4,simple
1778,empar,"['EH1', 'M', 'P', 'ER0']","['EH', 'M', 'P', 'ER']",4,simple
1780,evidg,"['EH1', 'V', 'IH0', 'D']","['EH', 'V', 'IH', 'D']",4,simple
1799,disur,"['D', 'IH0', 'S', 'ER1']","['D', 'IH', 'S', 'ER']",4,simple
1801,estai,"['EH1', 'S', 'T', 'EY0']","['EH', 'S', 'T', 'EY']",4,simple
1825,botti,"['B', 'AA1', 'T', 'IY0']","['B', 'AA', 'T', 'IY']",4,simple
1840,assul,"['AE1', 'S', 'AH0', 'L']","['AE', 'S', 'AH', 'L']",4,simple
1841,femou,"['F', 'IY1', 'M', 'UW0']","['F', 'IY', 'M', 'UW']",4,simple
1843,enfor,"['EH1', 'N', 'F', 'ER0']","['EH', 'N', 'F', 'ER']",4,simple
1844,heaso,"['HH', 'IY1', 'S', 'OW0']","['HH', 'IY', 'S', 'OW']",4,simple
1866,peoph,"['P', 'IY1', 'AH0', 'TH']","['P', 'IY', 'AH', 'TH']",4,simple
1873,escau,"['EH0', 'S', 'K', 'AW1']","['EH', 'S', 'K', 'AW']",4,simple
1881,preth,"['P', 'R', 'EH1', 'TH']","['P', 'R', 'EH', 'TH']",4,simple
1883,respe,"['R', 'EH1', 'S', 'P']","['R', 'EH', 'S', 'P']",4,simple
1921,arrio,"['AA1', 'R', 'IY0', 'OW0']","['AA', 'R', 'IY', 'OW']",4,simple
1930,prien,"['P', 'R', 'IY1', 'N']","['P', 'R', 'IY', 'N']",4,simple
1950,anoug,"['AH0', 'N', 'UW1', 'G']","['AH', 'N', 'UW', 'G']",4,simple
1951,priev,"['P', 'R', 'IY1', 'V']","['P', 'R', 'IY', 'V']",4,simple
1964,acqui,"['AH0', 'K', 'W', 'IY1']","['AH', 'K', 'W', 'IY']",4,simple
1990,imper,"['IH0', 'M', 'P', 'ER1']","['IH', 'M', 'P', 'ER']",4,simple
2000,anyth,"['EH1', 'N', 'IY0', 'TH']","['EH', 'N', 'IY', 'TH']",4,simple
2001,wirli,"['W', 'ER1', 'L', 'IY0']","['W', 'ER', 'L', 'IY']",4,simple
2004,durko,"['D', 'ER1', 'K', 'OW0']","['D', 'ER', 'K', 'OW']",4,simple
2005,wrigi,"['R', 'IY1', 'JH', 'IY0']","['R', 'IY', 'JH', 'IY']",4,simple
2043,sommi,"['S', 'AA1', 'M', 'IY0']","['S', 'AA', 'M', 'IY']",4,simple
2063,sertf,"['S', 'ER1', 'T', 'F']","['S', 'ER', 'T', 'F']",4,simple
2079,foalt,"['F', 'OW1', 'L', 'T']","['F', 'OW', 'L', 'T']",4,simple
2093,gooki,"['G', 'UH1', 'K', 'IY0']","['G', 'UH', 'K', 'IY']",4,simple
2102,burfo,"['B', 'ER1', 'F', 'OW0']","['B', 'ER', 'F', 'OW']",4,simple
2106,gooku,"['G', 'UH1', 'K', 'UW2']","['G', 'UH', 'K', 'UW']",4,simple
2108,piewa,"['P', 'IY1', 'W', 'AH0']","['P', 'IY', 'W', 'AH']",4,simple
2121,seaki,"['S', 'IY1', 'K', 'IY0']","['S', 'IY', 'K', 'IY']",4,simple
2124,enall,"['IH0', 'N', 'AE1', 'L']","['IH', 'N', 'AE', 'L']",4,simple
2134,giapo,"['JH', 'IY1', 'P', 'OW0']","['JH', 'IY', 'P', 'OW']",4,simple
2149,perfa,"['P', 'ER1', 'F', 'AH0']","['P', 'ER', 'F', 'AH']",4,simple
2161,wassi,"['W', 'AA1', 'S', 'IY0']","['W', 'AA', 'S', 'IY']",4,simple
2191,autle,"['AO1', 'T', 'AH0', 'L']","['AO', 'T', 'AH', 'L']",4,simple
2196,netto,"['N', 'EH1', 'T', 'OW0']","['N', 'EH', 'T', 'OW']",4,simple
2212,prowc,"['P', 'R', 'AW1', 'K']","['P', 'R', 'AW', 'K']",4,simple
2231,immil,"['IH1', 'M', 'AH0', 'L']","['IH', 'M', 'AH', 'L']",4,simple
2255,jummi,"['JH', 'UW1', 'M', 'IY0']","['JH', 'UW', 'M', 'IY']",4,simple
2257,diste,"['D', 'IH1', 'S', 'T']","['D', 'IH', 'S', 'T']",4,simple
2265,vehie,"['V', 'IY1', 'HH', 'IY0']","['V', 'IY', 'HH', 'IY']",4,simple
2268,picei,"['P', 'AY1', 'S', 'IY0']","['P', 'AY', 'S', 'IY']",4,simple
2272,pervi,"['P', 'ER1', 'V', 'IY0']","['P', 'ER', 'V', 'IY']",4,simple
2278,enerm,"['EH1', 'N', 'ER0', 'M']","['EH', 'N', 'ER', 'M']",4,simple
2300,impea,"['IH1', 'M', 'P', 'IY0']","['IH', 'M', 'P', 'IY']",4,simple
2306,vervi,"['V', 'ER1', 'V', 'IY0']","['V', 'ER', 'V', 'IY']",4,simple
2314,affic,"['AE1', 'F', 'IH0', 'K']","['AE', 'F', 'IH', 'K']",4,simple
2338,anocke,"['AH0', 'N', 'AA1', 'K']","['AH', 'N', 'AA', 'K']",4,simple
2346,witure,"['W', 'IH1', 'T', 'ER0']","['W', 'IH', 'T', 'ER']",4,simple
2347,wainge,"['W', 'EY1', 'N', 'JH']","['W', 'EY', 'N', 'JH']",4,simple
2381,barear,"['B', 'ER0', 'IY1', 'R']","['B', 'ER', 'IY', 'R']",4,simple
2401,chrour,"['K', 'R', 'AW1', 'ER0']","['K', 'R', 'AW', 'ER']",4,simple
2415,litaic,"['L', 'AY0', 'T', 'EY1']","['L', 'AY', 'T', 'EY']",4,simple
2419,preake,"['P', 'R', 'IY1', 'K']","['P', 'R', 'IY', 'K']",4,simple
2428,accong,"['AH0', 'K', 'AO1', 'NG']","['AH', 'K', 'AO', 'NG']",4,simple
2430,thoulah,"['TH', 'UW1', 'L', 'AH0']","['TH', 'OW', 'L', 'AH']",4,simple
2450,pharl,"['F', 'AA1', 'R', 'L']","['F', 'AA', 'R', 'L']",4,simple
2482,assock,"['AE1', 'S', 'AH0', 'K']","['AE', 'S', 'AH', 'K']",4,simple
2495,clooss,"['K', 'L', 'UW1', 'S']","['K', 'L', 'UW', 'S']",4,simple
2498,acture,"['AE1', 'K', 'CH', 'ER0']","['AE', 'K', 'CH', 'ER']",4,simple
2509,acceig,"['AH0', 'S', 'IY1', 'JH']","['AH', 'S', 'IY', 'JH']",4,simple
2518,hounni,"['HH', 'AW1', 'N', 'IY0']","['HH', 'AW', 'N', 'IY']",4,simple
2524,buylow,"['B', 'AY1', 'L', 'OW2']","['B', 'AY', 'L', 'OW']",4,simple
2535,sattei,"['S', 'AE1', 'T', 'AY0']","['S', 'AE', 'T', 'AY']",4,simple
2560,varthe,"['V', 'AA1', 'R', 'TH']","['V', 'AA', 'R', 'TH']",4,simple
2582,outhin,"['AW1', 'TH', 'IH0', 'N']","['AW', 'TH', 'IH', 'N']",4,simple
2622,showic,"['SH', 'OW1', 'IH0', 'K']","['SH', 'OW', 'IH', 'K']",4,simple
2660,chamar,"['CH', 'AA1', 'M', 'ER0']","['CH', 'AA', 'M', 'ER']",4,simple
2672,direar,"['D', 'ER0', 'IY1', 'R']","['D', 'ER', 'IY', 'R']",4,simple
2675,neweve,"['N', 'UW1', 'V', 'EH0']","['N', 'UW', 'V', 'EH']",4,simple
2690,howgin,"['HH', 'AW1', 'IH0', 'N']","['HH', 'AW', 'IH', 'N']",4,simple
2697,purtai,"['P', 'ER1', 'T', 'EY2']","['P', 'ER', 'T', 'EY']",4,simple
2758,bouthi,"['B', 'UW1', 'TH', 'IY0']","['B', 'UW', 'TH', 'IY']",4,simple
2764,appore,"['AH0', 'P', 'AO1', 'R']","['AH', 'P', 'AO', 'R']",4,simple
2774,auturd,"['AO1', 'T', 'ER0', 'D']","['AO', 'T', 'ER', 'D']",4,simple
2819,adappe,"['AH0', 'D', 'AE1', 'P']","['AH', 'D', 'AE', 'P']",4,simple
2825,appewh,"['AH0', 'P', 'Y', 'UW1']","['AH', 'P', 'Y', 'UW']",4,simple
2841,uness,"['AH0', 'N', 'EH1', 'S']","['AH', 'N', 'EH', 'S']",4,simple
2885,deller,"['D', 'EH1', 'L', 'ER0']","['D', 'EH', 'L', 'ER']",4,simple
2887,harthe,"['HH', 'AA1', 'R', 'DH']","['HH', 'AA', 'R', 'DH']",4,simple
2891,lioler,"['L', 'AY1', 'L', 'ER0']","['L', 'AY', 'L', 'ER']",4,simple
2922,worrif,"['W', 'ER1', 'AH0', 'F']","['W', 'ER', 'AH', 'F']",4,simple
2953,rearte,"['R', 'IY0', 'AA1', 'T']","['R', 'IY', 'AA', 'T']",4,simple
2972,aroody,"['ER0', 'UW1', 'D', 'IY0']","['ER', 'UW', 'D', 'IY']",4,simple
2983,nothou,"['N', 'AA1', 'TH', 'UW2']","['N', 'AA', 'TH', 'UW']",4,simple
2995,trette,"['T', 'R', 'EH1', 'T']","['T', 'R', 'EH', 'T']",4,simple
2996,illume,"['IH0', 'L', 'UW1', 'M']","['IH', 'L', 'UW', 'M']",4,simple
3021,downle,"['D', 'AW1', 'N', 'L']","['D', 'AW', 'N', 'L']",4,simple
3046,enould,"['IH0', 'N', 'UW1', 'D']","['IH', 'N', 'UW', 'D']",4,simple
3057,payled,"['P', 'EY1', 'L', 'D']","['P', 'EY', 'L', 'D']",4,simple
3074,unerge,"['AH0', 'N', 'ER1', 'JH']","['AH', 'N', 'ER', 'JH']",4,simple
3107,admigh,"['AH0', 'D', 'M', 'AY1']","['AH', 'D', 'M', 'AY']",4,simple
3127,pithou,"['P', 'IH1', 'TH', 'UW0']","['P', 'IH', 'TH', 'UW']",4,simple
3156,chinke,"['CH', 'IH1', 'NG', 'K']","['CH', 'IH', 'NG', 'K']",4,simple
3182,sitcha,"['S', 'IH1', 'CH', 'AH0']","['S', 'IH', 'CH', 'AH']",4,simple
3217,wricoo,"['R', 'IY1', 'K', 'OW0']","['R', 'IY', 'K', 'OW']",4,simple
3224,gerchd,"['G', 'ER1', 'CH', 'T']","['G', 'ER', 'CH', 'T']",4,simple
3282,feeilah,"['F', 'IY1', 'L', 'AH0']","['F', 'IY', 'L', 'AH']",4,simple
3333,thounte,"['TH', 'AW1', 'N', 'T']","['TH', 'AW', 'N', 'T']",4,simple
3375,efferve,"['EH1', 'F', 'ER0', 'V']","['EH', 'F', 'ER', 'V']",4,simple
3432,speate,"['S', 'P', 'IY1', 'T']","['S', 'P', 'IY', 'T']",4,simple
3442,polloye,"['P', 'AH0', 'L', 'OY1']","['P', 'AH', 'L', 'OY']",4,simple
3465,memough,"['M', 'EH1', 'M', 'AW0']","['M', 'EH', 'M', 'AW']",4,simple
3470,perfer,"['P', 'ER1', 'F', 'ER0']","['P', 'ER', 'F', 'ER']",4,simple
3471,sunnere,"['S', 'AH1', 'N', 'ER0']","['S', 'AH', 'N', 'ER']",4,simple
3528,therger,"['TH', 'ER1', 'JH', 'ER0']","['TH', 'ER', 'JH', 'ER']",4,simple
3554,purreas,"['P', 'ER1', 'IY0', 'Z']","['P', 'ER', 'IY', 'Z']",4,simple
3556,eittly,"['AY1', 'T', 'L', 'IY0']","['AY', 'T', 'L', 'IY']",4,simple
3621,knound,"['N', 'AW1', 'N', 'D']","['N', 'AW', 'N', 'D']",4,simple
3627,fachere,"['F', 'AE1', 'K', 'ER0']","['F', 'AE', 'K', 'ER']",4,simple
3628,thowtee,"['TH', 'AW1', 'T', 'IY0']","['TH', 'AW', 'T', 'IY']",4,simple
3665,worric,"['W', 'ER1', 'IH0', 'K']","['W', 'ER', 'IH', 'K']",4,simple
3693,purough,"['P', 'UH1', 'R', 'AW0']","['P', 'UH', 'R', 'AW']",4,simple
3743,appore,"['AH0', 'P', 'AO1', 'R']","['AH', 'P', 'AO', 'R']",4,simple
3752,dialle,"['D', 'AY0', 'AE1', 'L']","['D', 'AY', 'AE', 'L']",4,simple
3767,ghoween,"['G', 'AW1', 'IY0', 'N']","['G', 'AW', 'IY', 'N']",4,simple
3795,thocher,"['CH', 'AA1', 'K', 'ER0']","['CH', 'AA', 'K', 'ER']",4,simple
3805,surrice,"['S', 'ER1', 'AH0', 'S']","['S', 'ER', 'AH', 'S']",4,simple
3825,courche,"['K', 'AO1', 'R', 'SH']","['K', 'AO', 'R', 'SH']",4,simple
3925,uncough,"['AH0', 'N', 'K', 'AW1']","['AH', 'N', 'K', 'AW']",4,simple
3934,chroure,"['K', 'R', 'UW1', 'R']","['K', 'R', 'UW', 'R']",4,simple
3935,anowthe,"['AH0', 'N', 'UW1', 'DH']","['AH', 'N', 'UW', 'DH']",4,simple
3954,eitchon,"['AY1', 'CH', 'AH0', 'N']","['AY', 'CH', 'AH', 'N']",4,simple
3998,inswed,"['IH1', 'N', 'S', 'T']","['IH', 'N', 'S', 'T']",4,simple
4043,strugh,"['S', 'T', 'R', 'UW1']","['S', 'T', 'R', 'AH']",4,simple
4060,shemse,"['SH', 'EH1', 'M', 'S']","['SH', 'EH', 'M', 'S']",4,simple
4067,interre,"['IH1', 'N', 'T', 'ER0']","['IH', 'N', 'T', 'ER']",4,simple
4106,sciend,"['S', 'IY1', 'N', 'D']","['S', 'IY', 'N', 'D']",4,simple
4110,effaile,"['EH1', 'F', 'EY2', 'L']","['EH', 'F', 'EY', 'L']",4,simple
4137,roaray,"['R', 'AO1', 'R', 'EY0']","['R', 'AO', 'R', 'EY']",4,simple
4164,immedie,"['IH1', 'M', 'D', 'IY0']","['IH', 'M', 'D', 'IY']",4,simple
4193,achoole,"['AH0', 'CH', 'OW1', 'L']","['AH', 'CH', 'OW', 'L']",4,simple
4338,shend,"['SH', 'EH1', 'N', 'D']","['SH', 'EH', 'N', 'D']",4,simple
4351,fieudy,"['F', 'IY1', 'UW0', 'D']","['F', 'IY', 'UW', 'D']",4,simple
4412,eithous,"['AY1', 'T', 'AH0', 'S']","['AY', 'T', 'AH', 'S']",4,simple
4430,ownerne,"['OW0', 'N', 'ER1', 'N']","['OW', 'N', 'ER', 'N']",4,simple
4524,teartz,"['T', 'ER1', 'T', 'S']","['T', 'ER', 'T', 'S']",4,simple
4563,pasigh,"['P', 'AH0', 'S', 'AY1']","['P', 'AH', 'S', 'AY']",4,simple
4663,islays,"['AY1', 'L', 'EY0', 'Z']","['AY', 'L', 'EY', 'Z']",4,simple
4782,laways,"['L', 'AO1', 'EY0', 'Z']","['L', 'AO', 'EY', 'Z']",4,simple
4852,attrow,"['AE1', 'T', 'R', 'OW0']","['AE', 'T', 'R', 'OW']",4,simple
4853,audgme,"['AA1', 'D', 'M', 'IY0']","['AA', 'D', 'M', 'IY']",4,simple
4857,verieve,"['V', 'ER0', 'IY1', 'V']","['V', 'ER', 'IY', 'V']",4,simple
4944,hurfor,"['HH', 'ER1', 'F', 'ER0']","['HH', 'ER', 'F', 'ER']",4,simple
5009,remough,"['R', 'IH0', 'M', 'AW1']","['R', 'IH', 'M', 'AW']",4,simple
5041,couther,"['K', 'AH1', 'DH', 'ER0']","['K', 'AH', 'DH', 'ER']",4,simple
5067,thoily,"['TH', 'IY1', 'L', 'IY0']","['TH', 'IY', 'L', 'IY']",4,simple
5091,psyloo,"['S', 'IH0', 'L', 'UW1']","['S', 'IH', 'L', 'UW']",4,simple
5124,midere,"['M', 'IH1', 'D', 'ER0']","['M', 'IH', 'D', 'ER']",4,simple
5144,thount,"['TH', 'AW1', 'N', 'T']","['TH', 'AW', 'N', 'T']",4,simple
5180,plass,"['P', 'L', 'AE1', 'S']","['P', 'L', 'AE', 'S']",4,simple
5257,harcre,"['HH', 'AA1', 'R', 'K']","['HH', 'AA', 'R', 'K']",4,simple
5275,offing,"['AO1', 'F', 'IH0', 'NG']","['AO', 'F', 'IH', 'NG']",4,simple
5374,autome,"['AO1', 'T', 'OW0', 'M']","['AO', 'T', 'OW', 'M']",4,simple
5409,sciend,"['S', 'IY1', 'N', 'D']","['S', 'IY', 'N', 'D']",4,simple
5456,tungth,"['T', 'AH1', 'NG', 'TH']","['T', 'AH', 'NG', 'TH']",4,simple
5467,decough,"['D', 'AH0', 'K', 'UW1']","['D', 'AH', 'K', 'UW']",4,simple
5514,imming,"['IH1', 'M', 'IH0', 'NG']","['IH', 'M', 'IH', 'NG']",4,simple
5526,exhing,"['EH1', 'SH', 'IH0', 'NG']","['EH', 'SH', 'IH', 'NG']",4,simple
5564,earrav,"['EH1', 'R', 'AH0', 'V']","['EH', 'R', 'AH', 'V']",4,simple
5641,jeways,"['JH', 'UW1', 'AH0', 'Z']","['JH', 'UW', 'AH', 'Z']",4,simple
5681,aurike,"['AO1', 'R', 'IH0', 'K']","['AO', 'R', 'IH', 'K']",4,simple
5826,schicy,"['S', 'AY1', 'S', 'IY0']","['S', 'AY', 'S', 'IY']",4,simple
5879,shother,"['SH', 'AH1', 'DH', 'ER0']","['SH', 'AH', 'DH', 'ER']",4,simple
5926,throure,"['TH', 'R', 'UW1', 'R']","['TH', 'R', 'UW', 'R']",4,simple
5985,phyther,"['F', 'AY1', 'DH', 'ER0']","['F', 'AY', 'DH', 'ER']",4,simple
6006,affess,"['AH0', 'F', 'EH1', 'S']","['AH', 'F', 'EH', 'S']",4,simple
6044,worther,"['W', 'ER1', 'DH', 'ER0']","['W', 'ER', 'DH', 'ER']",4,simple
6132,dethere,"['D', 'EH1', 'DH', 'ER0']","['D', 'EH', 'DH', 'ER']",4,simple
6224,eiture,"['AY1', 'T', 'UW2', 'ER0']","['AY', 'T', 'UW', 'ER']",4,simple
6266,aroody,"['ER0', 'UW1', 'D', 'IY0']","['ER', 'UW', 'D', 'IY']",4,simple
6287,serther,"['S', 'ER1', 'TH', 'ER0']","['S', 'ER', 'TH', 'ER']",4,simple
6367,oppard,"['AA1', 'P', 'ER0', 'D']","['AA', 'P', 'ER', 'D']",4,simple
6462,durcie,"['D', 'ER1', 'SH', 'IY0']","['D', 'ER', 'SH', 'IY']",4,simple
6494,cauthed,"['K', 'AO1', 'TH', 'T']","['K', 'AO', 'TH', 'T']",4,simple
6597,thount,"['TH', 'AW1', 'N', 'T']","['TH', 'AW', 'N', 'T']",4,simple
6653,tayther,"['T', 'EY1', 'DH', 'ER0']","['T', 'EY', 'DH', 'ER']",4,simple
6679,eartage,"['ER1', 'T', 'AH0', 'JH']","['ER', 'T', 'AH', 'JH']",4,simple
6705,curress,"['K', 'ER1', 'AH0', 'S']","['K', 'ER', 'AH', 'S']",4,simple
6865,inqued,"['IH1', 'N', 'K', 'T']","['IH', 'N', 'K', 'T']",4,simple
6880,coother,"['K', 'UW1', 'DH', 'ER0']","['K', 'UW', 'DH', 'ER']",4,simple
6968,applow,"['AH0', 'P', 'L', 'OW1']","['AH', 'P', 'L', 'OW']",4,simple
6983,whouds,"['W', 'AH1', 'D', 'Z']","['W', 'AH', 'D', 'Z']",4,simple
7015,thetere,"['TH', 'EH1', 'T', 'ER0']","['TH', 'EH', 'T', 'ER']",4,simple
7140,sallar,"['S', 'AE1', 'L', 'ER0']","['S', 'AE', 'L', 'ER']",4,simple
7202,caulth,"['K', 'AO1', 'L', 'TH']","['K', 'AO', 'L', 'TH']",4,simple
7217,phyths,"['F', 'AY1', 'DH', 'Z']","['F', 'AY', 'DH', 'Z']",4,simple
7324,unnoure,"['AH0', 'N', 'AW1', 'R']","['AH', 'N', 'AW', 'R']",4,simple
7381,exhiet,"['EH0', 'ZH', 'K', 'IY1']","['EH', 'ZH', 'K', 'IY']",4,simple
7416,accove,"['AH0', 'K', 'AH1', 'V']","['AH', 'K', 'AH', 'V']",4,simple
7421,aroupes,"['ER0', 'UW1', 'P', 'S']","['ER', 'UW', 'P', 'S']",4,simple
7472,outshase,"['AW1', 'CH', 'EY2', 'S']","['AW', 'CH', 'EY', 'S']",4,simple
7598,feepher,"['F', 'IY1', 'F', 'ER0']","['F', 'IY', 'F', 'ER']",4,simple
7622,chother,"['CH', 'AH1', 'DH', 'ER0']","['CH', 'AH', 'DH', 'ER']",4,simple
7628,accong,"['AH0', 'K', 'AO1', 'NG']","['AH', 'K', 'AO', 'NG']",4,simple
7663,whiced,"['W', 'AY1', 'S', 'T']","['W', 'AY', 'S', 'T']",4,simple
7665,enerch,"['EH1', 'N', 'ER0', 'K']","['EH', 'N', 'ER', 'K']",4,simple
7712,itsear,"['IH0', 'T', 'S', 'ER0']","['IH', 'T', 'S', 'ER']",4,simple
7762,hircer,"['HH', 'ER1', 'S', 'ER0']","['HH', 'ER', 'S', 'ER']",4,simple
7844,sciend,"['S', 'IY1', 'N', 'D']","['S', 'IY', 'N', 'D']",4,simple
8018,fresse,"['F', 'R', 'EH1', 'S']","['F', 'R', 'EH', 'S']",4,simple
8022,roybough,"['R', 'OW1', 'B', 'AO2']","['R', 'OW', 'B', 'AO']",4,simple
8228,weefer,"['W', 'IY1', 'F', 'ER0']","['W', 'IY', 'P', 'ER']",4,simple
8252,clidge,"['K', 'L', 'IH1', 'JH']","['K', 'L', 'IH', 'JH']",4,simple
8253,cerbure,"['CH', 'ER1', 'B', 'ER0']","['CH', 'ER', 'B', 'ER']",4,simple
8339,guarce,"['G', 'AA1', 'R', 'S']","['G', 'AA', 'R', 'S']",4,simple
8427,apposs,"['AH0', 'P', 'AO1', 'S']","['AH', 'P', 'AO', 'S']",4,simple
8433,recough,"['R', 'IY1', 'K', 'AW0']","['R', 'IY', 'K', 'AW']",4,simple
8464,acture,"['AE1', 'K', 'CH', 'ER0']","['AE', 'K', 'CH', 'ER']",4,simple
8489,feetty,"['F', 'IY1', 'T', 'IY0']","['F', 'IY', 'T', 'IY']",4,simple
8531,powayed,"['P', 'AW1', 'IY0', 'D']","['P', 'AW', 'IY', 'D']",4,simple
8582,nobere,"['N', 'OW1', 'B', 'ER0']","['N', 'OW', 'B', 'ER']",4,simple
8587,heacte,"['HH', 'EH1', 'K', 'T']","['HH', 'EH', 'K', 'T']",4,simple
8590,aillory,"['EY1', 'L', 'ER0', 'IY0']","['EY', 'L', 'ER', 'IY']",4,simple
8635,jermer,"['JH', 'ER1', 'M', 'ER0']","['JH', 'ER', 'M', 'ER']",4,simple
8705,occone,"['AH0', 'K', 'OW1', 'N']","['AH', 'K', 'OW', 'N']",4,simple
8789,occong,"['AA1', 'K', 'AO0', 'NG']","['AA', 'K', 'AO', 'NG']",4,simple
9035,highles,"['HH', 'AY1', 'L', 'Z']","['HH', 'AY', 'L', 'Z']",4,simple
9065,eithing,"['AY1', 'DH', 'IH0', 'NG']","['AY', 'DH', 'IH', 'NG']",4,simple
9067,waithes,"['W', 'EY1', 'DH', 'Z']","['W', 'EY', 'DH', 'Z']",4,simple
9090,attrow,"['AE1', 'T', 'R', 'OW0']","['AE', 'T', 'R', 'OW']",4,simple
9109,temough,"['T', 'EH1', 'M', 'AW0']","['T', 'EH', 'M', 'AW']",4,simple
9145,othice,"['AA1', 'TH', 'IH0', 'S']","['AA', 'TH', 'IH', 'S']",4,simple
9150,irreed,"['IH0', 'R', 'IY1', 'D']","['IH', 'R', 'AH', 'D']",4,simple
9173,autching,"['AO1', 'CH', 'IH0', 'NG']","['AO', 'CH', 'IH', 'NG']",4,simple
9192,sounch,"['S', 'AW1', 'N', 'CH']","['S', 'AW', 'N', 'CH']",4,simple
9235,smagge,"['S', 'M', 'AE1', 'G']","['S', 'M', 'AE', 'G']",4,simple
9237,ourain,"['AW0', 'R', 'EY1', 'N']","['AW', 'R', 'EY', 'N']",4,simple
9241,eithing,"['AY1', 'DH', 'IH0', 'NG']","['AY', 'DH', 'IH', 'NG']",4,simple
9243,wessau,"['W', 'EH1', 'S', 'OW0']","['W', 'EH', 'S', 'OW']",4,simple
9255,wouther,"['W', 'AH1', 'DH', 'ER0']","['W', 'AH', 'DH', 'ER']",4,simple
9368,sungue,"['S', 'AH1', 'NG', 'G']","['S', 'AH', 'NG', 'G']",4,simple
9404,leauter,"['L', 'UW1', 'T', 'ER0']","['L', 'UW', 'T', 'ER']",4,simple
9420,paylow,"['P', 'EY1', 'L', 'OW2']","['P', 'EY', 'L', 'OW']",4,simple
9470,neetched,"['N', 'IY1', 'CH', 'T']","['N', 'IY', 'CH', 'T']",4,simple
9483,wrience,"['R', 'IY1', 'N', 'S']","['R', 'IY', 'N', 'S']",4,simple
9547,fatere,"['F', 'EY1', 'T', 'ER0']","['F', 'EY', 'T', 'ER']",4,simple
9556,issort,"['IH1', 'S', 'ER0', 'T']","['IH', 'S', 'ER', 'T']",4,simple
9580,joursed,"['JH', 'ER1', 'Z', 'D']","['JH', 'ER', 'Z', 'D']",4,simple
9611,dommer,"['D', 'AA1', 'M', 'ER0']","['D', 'AA', 'M', 'ER']",4,simple
9819,proomme,"['P', 'R', 'UW1', 'M']","['P', 'R', 'UW', 'M']",4,simple
9868,cangue,"['K', 'AE1', 'NG', 'G']","['K', 'AE', 'NG', 'G']",4,simple
9899,traime,"['T', 'R', 'EY1', 'M']","['T', 'R', 'EY', 'M']",4,simple
9984,accong,"['AH0', 'K', 'AO1', 'NG']","['AH', 'K', 'AO', 'NG']",4,simple
10008,royone,"['R', 'OY0', 'OW1', 'N']","['R', 'OY', 'OW', 'N']",4,simple
10016,schient,"['SH', 'IY1', 'N', 'T']","['SH', 'IY', 'N', 'T']",4,simple
10030,shoughty,"['SH', 'AW1', 'T', 'IY0']","['SH', 'AW', 'T', 'IY']",4,simple
10075,othice,"['AA1', 'TH', 'IH0', 'S']","['AA', 'TH', 'IH', 'S']",4,simple
10079,deceigh,"['D', 'IH0', 'S', 'IY1']","['D', 'IH', 'S', 'IY']",4,simple
10080,apprew,"['AH0', 'P', 'R', 'UW1']","['AH', 'P', 'R', 'UW']",4,simple
10148,rathie,"['R', 'AE1', 'TH', 'IY0']","['R', 'AE', 'TH', 'IY']",4,simple
10197,thateure,"['TH', 'EY1', 'CH', 'ER0']","['TH', 'EY', 'CH', 'ER']",4,simple
10206,qualle,"['K', 'W', 'AO1', 'L']","['K', 'W', 'AO', 'L']",4,simple
